words,rmse,trend_points
in,11.443444833485373,5
2011,20.14389431867997,7
visit,20.08256464023748,4
for,13.038900397767446,6
the,13.069584652605212,8
best,13.550242966181994,7
summer,21.473839350855005,2
want,13.676519572894309,6
to,11.761928614783766,6
get,14.488798583456145,5
of,11.340132413523513,7
nyc,22.326302278835563,3
or,14.44311567816903,7
tickets,22.347935517060105,2
our,9.98305052341003,6
?,12.134276965916987,6
!,13.481301726122554,8
,11.778006875759102,7
are,12.538613711282164,6
you,11.413336527130356,5
omg,13.621559943355571,7
i'm,14.495257856968168,5
so,13.371629244508457,6
a,11.544388170195814,5
work,14.88317719354004,4
week,17.594947266709262,8
isn't,128.59211579079567,8
right,16.04066597200227,6
start,79.20904870002904,5
your,11.90967246327719,5
monday,24.182610943850726,9
with,12.217144224214785,6
am,14.984143032561242,6
call,17.68525153023119,5
.,11.9913474714529,6
;),19.66023087579528,4
has,16.935103387715394,6
some,12.82503578238516,5
amazing,14.570455514897281,3
things,13.919977968430532,3
-,12.053866338602743,8
40,110.5017060390097,5
years,13.241415590699829,4
ago,22.653096834245385,4
on,11.929957889752725,6
days,17.14898370316054,3
number,20.293974590135296,3
1,9.086250091223583,5
...,13.824209149215735,5
is,12.375084555981726,7
words,11.513311244693242,2
..,15.346403462822316,6
this,11.248672729276423,6
feeling,15.434305854548336,4
ever,12.035983723065018,6
we,11.85993608593178,6
guys,17.343296294694774,4
world,48.03681682568666,8
and,11.957191264168808,5
won't,21.081150202521364,2
let,16.590799351751198,6
u,11.568697977413454,5
down,13.75145749308144,4
love,15.348322866923334,4
all,14.60810261324324,9
x,14.025521712534923,4
5,231.4238284166332,5
:,13.65014397573247,6
learn,24.48532233959672,3
better,12.49542355510185,6
live,10.475675745586459,2
it,13.611616949033303,5
listen,20.61609584788103,3
change,20.284185976218293,3
girl,15.383907220907599,5
sweet,12.777724883211741,4
pic,21.256580126967783,3
was,12.94280519378477,6
up,14.281053245210916,5
have,12.209392633491635,6
back,12.616369548035792,6
form,19.31201267601338,3
#,19.790505833373224,2
new,14.653197899113136,5
michael,148.13280183558783,11
song,13.1048104172893,3
"""",11.923854985882992,6
@,18.67937830790354,5
word,24.97096745259787,5
ain't,20.17565778200453,5
it's,14.558397697081661,7
stupid,22.45433033197659,4
ones,25.59314522721295,4
that,14.253469869099401,6
need,14.629166547458484,6
advice,158.45382790141215,9
make,12.830953942765523,5
me,13.746661620449608,5
feel,21.21707681155868,2
warm,12.576102439559083,1
inside,18.08968068825058,3
like,12.973254734814262,4
i,13.436856421603043,10
&,12.095459504569558,6
now,12.978393614499346,6
my,12.569027795922379,6
rt,13.067626142937177,7
follow,17.957314860894346,4
yu,14.012747511526179,3
30,28.324757686454937,9
minutes,45.864571208942635,4
not,14.372613233359305,6
i'll,19.572560952731187,6
give,18.7031029894706,5
good,15.814360654907627,5
see,13.895453521952353,6
twitter,14.335535002719254,5
:-),38.715898178323,2
how,14.69898698523574,7
r,21.28066334336311,3
n,17.462420162512373,4
will,13.799145540345235,7
tell,17.752682046712685,7
friends,17.112167729197537,2
just,11.94129894041664,8
company,57.84651144202395,4
excited,24.560240695339502,4
there,13.815562671860208,5
two,15.933370072780685,7
success,30.300190165358046,2
life,18.691648173001937,4
don't,16.36353369098864,6
people,14.219364079615765,7
everything,22.026643738702827,5
know,15.86082827216279,6
they,13.037971826327782,5
sent,20.618180018338446,2
guy,15.419213220115147,4
message,26.387977800917046,2
said,15.624248813365105,6
where,12.943957378526019,5
office,21.98647650651134,6
watched,94.70969803692967,6
as,18.023982276022636,5
show,10.776426219823735,5
you're,14.596770344678756,3
favorite,20.257283947162016,4
an,16.963519798493994,6
top,24.632398812799465,3
10,20.278868758424288,5
using,20.968907369453902,4
thanks,18.82966591900438,3
wish,17.488033149799147,6
fat,19.062442920869813,1
us,14.338179579823795,6
send,21.63633182053492,4
from,13.64682893915532,5
please,15.002898437872586,5
maybe,20.01776040566398,5
would,12.412882339499662,6
do,14.368120348777099,4
cause,15.935427866478413,5
pain,25.9855168181972,6
blog,20.65268215688298,3
search,22.486238958364936,3
(,11.959746347821,5
),11.406951942270139,3
exactly,24.723010264321104,4
many,20.145386290571548,7
special,20.076743844707757,3
choose,109.76367340568802,3
girls,11.683807253301385,3
go,17.41875029778182,7
bad,15.40966622942308,5
writing,36.01252860574924,6
songs,41.092686181707116,3
beach,135.19754695605843,6
walking,94.32804453155055,5
dog,173.34717315933474,9
lots,21.490054543018513,3
places,34.503599339092936,5
be,14.007727577784514,9
press,73.11187804571004,7
any,18.45298620061202,5
key,25.54518974038358,3
continue,39.52564649869794,2
finally,16.7574504720993,2
read,20.670314452975408,4
great,11.554229162705223,7
job,20.687941480725698,7
3,13.62755937433453,4
dreams,16.878065316834633,4
seen,13.358430232815639,5
real,18.855662966336823,6
mind,141.30475081162476,11
does,18.647313537668335,5
them,14.597724793380026,7
bed,33.22392257921941,4
interesting,26.191546089192677,5
why,14.426784201372321,9
games,19.36619507212774,4
never,11.58358054014075,4
came,18.123972673421815,3
>,17.762001466618706,6
health,13.57644803049306,5
did,15.579654937072917,5
something,19.218316336286474,5
couldn't,24.036194083199902,3
done,19.32131824439344,6
almost,21.080290322500836,5
country,27.721742842474775,7
yall,16.200676584292324,6
find,19.568646347974067,5
under,22.639065258319505,5
lucky,36.69185192072782,2
(:,25.15265592441439,1
even,19.015233865238017,6
though,18.81313093234539,6
walk,18.919511537017023,3
through,19.211636401799886,3
death,81.32143223904866,5
no,14.422177915642283,5
cont,73.39594829863078,7
when,15.13308605841741,4
“,18.787369075327515,7
most,22.873110785664316,4
times,20.445968751086525,5
had,16.44931765005063,6
hope,76.41462958670229,7
looks,14.393103971058832,4
pretty,18.432983473320185,9
tonight,17.96763621605166,2
yeah,18.299484836079237,8
min,21.765601833545972,2
later,20.223406677463593,3
hahahaha,20.664330624043014,3
what,14.00748765680713,8
who,18.02401188550097,7
god,125.34942040157705,10
forget,22.20829819950101,2
2,11.629595661688649,4
hours,93.95273939483333,8
bring,15.922664629115493,4
forgot,97.19763096188368,6
@justinbieber,60.44960366891414,4
hello,44.49602064057275,4
m,19.579337565715488,3
well,14.708095405580332,8
remember,19.1750832439827,5
old,15.698859707747605,3
man,131.10057727456729,12
`,58.212624444504655,3
s,14.958543206197996,6
way,18.673116938996866,5
saying,16.169691704074637,3
got,12.618383547546275,5
about,14.704405303565542,5
weekend,26.236297631321488,4
day,16.16654309703394,5
can,15.038716134868464,6
join,97.16291055383822,13
few,17.566229615597923,4
asked,19.64101935541982,1
really,17.228771929683624,6
didn't,16.06378528395664,6
room,82.25665286267258,4
whole,17.16972956221434,6
story,20.879630817247012,3
saw,17.287642931021377,3
out,12.215344813909155,4
o,17.539068302954107,4
think,13.537146992662262,5
iphone,44.122515097081646,4
app,27.201755134867618,3
obama,1.5478151868546057,3
should,14.94330254630928,6
mean,11.025195563158166,3
nothing,19.24556002387296,4
after,17.09927986069642,4
much,16.301915831654654,7
she,15.069066697143644,4
into,17.816343257960575,5
soul,191.38328204599114,9
clothes,24.529397535009213,2
7,24.775106495814168,3
by,15.014968730678607,5
[,21.578243187357998,1
],113.48279737768333,8
la,21.717994301835816,3
da,17.971457243520604,6
at,10.682254041815556,8
long,18.032390138842025,5
dear,19.378791999816688,4
if,7.791570778882923,5
text,14.949065359594327,2
while,17.424549340435526,4
driving,24.12304935593677,1
meet,21.72699512450162,6
him,16.961549011717967,5
pay,14.079484911720307,5
haven't,23.643132359974466,4
used,12.455486264912658,2
4,9.749297319276515,3
months,97.60847336418638,5
',15.87260947148982,4
book,21.327729378855594,3
tweet,15.884217508265895,4
hate,19.55692291823212,3
but,14.070109590206432,8
mine,12.19059728250408,3
;,17.735239753899567,1
off,14.088660017390351,7
<3,27.364875967339707,4
wait,20.56987663240252,5
time,11.376265936814844,6
stand,24.961059086184434,4
whatever,93.85767101977177,10
may,83.3110119332956,2
~,34.73611927275392,3
interview,23.97052559434377,4
al,44.577770343441664,7
tho,18.757970078508492,5
once,20.198596050042514,2
relationship,12.27441009410085,4
peace,71.64712890090921,4
only,15.65557450949793,7
! !,16.249271892113587,6
comes,19.52182345496891,5
pink,55.78670652739638,3
missed,73.35704962385246,7
year,51.427718125681956,12
been,14.046288042421198,5
teacher,40.9401642897803,9
de,16.35915221750503,1
private,11.776204568860143,3
”,19.169944482641885,8
»,22.141261139356427,2
without,23.126901179064976,3
goes,22.3471620325681,4
public,27.438630432525205,6
email,37.31028912524577,3
he,16.161237115133332,6
doin,17.38591226999996,4
;d,40.362440739894794,5
lol,14.385237213142869,7
evening,22.22839776480315,0
lets,20.676567074831063,6
plz,20.40080571422859,3
check,12.523725151120388,6
k,113.93867846623432,8
version,21.198831975374034,5
black,13.676183262444681,9
yellow,21.131093619752956,10
thank,15.610821209896589,5
one,15.334076414787711,6
seems,72.761900626391,2
sometimes,24.19503567803278,6
help,16.71950397556047,6
yo,11.730003955150604,4
el,16.603391494736538,3
google,16.14070131175457,4
morning,206.8859764382068,14
least,15.287348908982807,5
month,59.68524571199974,10
ends,29.069624982997457,2
here,15.076671816266613,5
over,14.740658167018573,9
okay,20.89624068687357,5
link,18.688536470958933,3
download,75.63960960547958,9
train,105.46487791741488,6
station,108.21692796951527,7
+,19.357894264438567,1
crazy,22.245886106247827,6
kind,21.802648098242404,4
%,58.50087981179288,3
left,17.07903259263993,5
b,15.114335474371101,4
*,12.961763254320376,5
because,14.621257429777309,3
boys,24.966648644271995,5
…,15.976817257015496,4
huge,93.75962819349931,8
vote,16.48121809073954,5
every,19.478156920607812,5
:d,95.83100214549037,7
i've,15.625856803134363,5
put,119.1478222123467,8
too,17.63231115165675,6
video,15.514786345115159,4
game,20.65184219274146,10
super,21.57246599314247,14
cool,16.326440315559292,7
wonder,18.76709968299357,6
happen,20.822228980348758,4
stop,14.711392432815718,5
shit,13.250246899545612,6
’,15.51809550720463,5
dvd,18.1781378699558,2
set,78.97175759173989,5
plus,34.05168339936553,3
nice,14.435113536192192,5
clean,17.992930751286977,3
before,17.499079998849265,7
everybody,21.411209304045272,2
wants,19.400894514577146,4
hear,16.034650430431185,4
sorry,18.586777097182775,4
else,18.155550998330224,5
enjoy,18.445339586632226,4
congrats,18.82726115351935,7
her,15.631498330799179,3
first,15.336306114778674,4
performance,11.151967566013662,5
group,109.86842605794392,8
:),17.574401256745432,4
meeting,21.68645957572485,4
central,22.455930089042187,3
saturday,27.616577543238222,2
info,21.859122210536455,1
hi,27.228147839973104,2
following,20.235331158309627,4
shout,22.98542049058202,4
always,18.694313935945722,4
welcome,12.813725746538747,3
use,22.2079927057946,3
justin,13.887086710252385,4
gets,20.44728525921684,4
own,23.1818413488082,1
annoying,23.396826882406234,2
night,225.02345805631347,18
boy,17.354146160749742,3
heart,17.47616594488851,3
current,22.012888592187487,4
eating,24.41275068321745,3
going,14.934841157908046,7
called,20.36381102224758,5
says,13.475428077122379,3
web,23.191608007493347,4
calls,82.22206400760462,8
big,15.578596734691935,4
their,15.298212608786612,4
support,17.920222432033942,1
awesome,13.398360376306773,5
2010,78.59605383378367,6
stories,53.53110094134372,5
|,16.5727599097045,4
social,26.12743282863492,3
media,21.848639155287216,4
via,15.380571581731324,7
fire,89.2402969079517,11
free,17.935906540808798,8
air,102.81429181170526,6
update,68.9994976672668,5
today,19.02385411675433,4
next,13.052885160857215,5
which,21.036719683367387,4
other,15.039279346400555,5
design,108.56504032060677,8
sign,15.629707902235143,6
school,67.89363469308081,10
fine,99.53661697571307,7
anything,21.111411299353655,3
nope,44.30502128928936,4
deep,98.09521910869962,8
followed,21.08178028076744,3
oh,15.586213869173653,6
what's,12.781111237900916,5
yea,19.924438761168187,5
dat,18.654982401526443,5
wit,17.91788031511298,4
ya,159.6206330453117,11
looking,18.533216269096894,4
wear,14.780938214847493,4
movie,15.000909920399582,3
kids,17.972433491464447,3
dress,53.12459584007929,10
look,13.496074136151947,5
human,114.42471786308722,7
retweet,22.961964518246653,2
money,17.188168392450535,6
official,19.149071842887317,5
still,15.055154429631784,6
can't,16.475502033253665,4
e,20.63873497700385,2
such,22.5773129233157,3
thing,14.997094099534811,8
already,17.501511614557906,5
his,16.884411112294696,7
face,38.481459464147754,5
ur,15.694974964186242,1
college,11.782480635278839,3
;-),20.67483303174082,2
gonna,16.484379416956536,5
touch,13.457292046269849,3
light,88.24338232104766,10
16,305.3215630480341,11
id,196.38518776983366,14
tv,18.048387687519263,5
phone,16.98531442922767,2
j,20.78905034817961,2
/,14.525667939871925,5
photos,29.28078191091688,2
you've,21.8701871362419,3
person,23.678526866694167,3
#teamfollowback,15.146526506271517,4
past,29.601516256901228,3
bieber,30.66873015262587,5
coming,19.694018725438973,5
ride,19.71948574414766,4
water,69.04326554201646,6
yourself,68.08043311191963,5
being,17.47023788160198,4
family,17.342519724680937,0
might,79.87722354552126,9
part,16.91035698371116,5
earth,25.949141243878415,4
beautiful,42.1322977269706,2
guess,15.15774122249636,6
per,35.307717948390305,3
second,16.49334061314342,5
since,15.045764720350395,7
posted,21.859987959927036,2
youtube,18.842808550624593,4
taylor,22.434617243329733,4
were,13.731009149303961,5
review,54.617109757110654,7
name,18.53840651548783,4
‘,15.483643967322394,4
sing,16.611179450191145,4
little,19.490735930441158,3
ball,15.412055809085377,6
sleepy,28.599472659564103,2
close,14.54715634221616,2
cuz,17.200380097969976,3
totally,15.93932603103798,4
hey,14.900353810667719,5
article,23.75609675207443,4
favorited,18.47112128511585,3
makes,22.782768658432314,4
thinking,19.05039380201919,4
february,41.06967912089032,7
strong,22.65125158559494,1
woman,19.414309283852365,4
13,20.63607904872252,4
they're,15.121547445828304,7
fans,16.110883099183393,6
keep,18.543758672387245,4
watch,18.99820902203776,7
move,15.829173440423428,3
dinner,18.963447330436285,3
mr,18.883740923652194,7
=),134.2830819926424,9
hot,17.213774125267914,6
date,15.495019810488218,3
happy,48.515862155683,9
birthday,83.92202202198459,7
kiss,19.13419206405848,2
born,17.38070362995881,5
march,36.96957083032305,5
11,23.475173933516466,3
star,11.39289167598761,2
sell,63.09633745861846,4
others,99.42328424405949,7
front,105.51326714409203,7
often,124.17822697984775,9
against,46.12518261029878,6
short,23.48437445121453,3
spend,132.03907545841346,9
wrong,22.116052184236317,3
possible,24.07503555058839,2
sexy,20.20227121865827,2
future,29.129499151921074,6
mix,49.296231718988736,5
london,21.16472541963304,3
white,119.50442373747141,13
mother,22.132902943606183,3
calling,20.717087667397408,2
green,13.797609726254946,13
wanna,16.132776452124485,5
=,19.092862511124753,3
don,27.804652539000823,3
t,86.41553694665039,6
pick,49.51992341515113,8
—,26.273971257273413,2
course,21.18523835475203,4
same,17.596144412973956,4
0,28.85422454740613,5
24,21.562157291737226,11
men,83.7723997652574,5
james,21.571292434910905,4
14,78.3445196863295,5
fact,22.574244830368418,2
cant,16.084510371358572,4
more,75.85789282667805,8
than,13.558004938537927,7
til,22.4400992008736,5
very,21.530307034504187,5
\,78.24438203696043,6
giving,21.006467495202067,5
its,17.403811565068317,5
made,16.091208735707404,6
sad,21.93725878980599,2
each,18.732208908375487,3
bout,16.042941749337892,6
tweeting,15.693547304267142,5
again,17.85373762468707,6
class,27.325868521708696,7
went,18.21129050240429,5
loved,17.00549921774952,6
gay,70.18808937842843,10
season,15.712227607952721,4
instead,19.407403755898684,5
fan,17.16452865342871,9
appreciate,24.95555540222643,2
sunday,26.628364828592424,6
forward,12.969219682215945,3
loves,19.50502072078762,5
easy,21.005652189099372,6
place,22.353334721990212,4
dude,17.527421289160117,5
trying,17.88018836018756,2
child,35.888550718904426,7
fun,19.967242069812542,5
brother,30.91411814129891,2
major,98.99444784063742,8
doesn't,21.989487820465424,3
hurt,16.092343481383523,5
hurts,48.978619957690604,4
fighting,71.89734811971532,5
sounds,13.402183225070996,5
everyone,20.12786233579037,6
lot,19.43051587507215,1
drive,20.47848156282329,4
late,138.15157151988234,6
reply,18.340690471821585,4
leave,15.140452610896853,2
v,48.10425651822091,3
thought,14.910848702882634,6
awkward,32.36628486433552,2
hands,23.178250332254162,2
dream,52.12199619513058,4
stars,22.266190118786923,3
turn,18.509746934125197,4
ok,19.337190093099707,5
behind,16.203692462439367,2
till,56.63575405315461,7
meant,171.2578813043367,12
ask,16.84342925707849,1
truth,22.98240805094827,2
straight,95.47057151704905,11
laugh,21.008206643340507,4
dont,17.762938830536395,6
either,21.097726775462515,6
profile,24.4114118847526,3
city,15.78096152485547,3
jus,23.282370017334447,9
g,15.989754857114429,2
w,14.209346280199068,4
plans,22.401070377402313,3
lives,16.040241565648593,1
planning,16.96276202263028,3
episode,11.209642099355086,5
then,20.22603592659866,2
respect,17.876544951667153,3
met,24.887624685841942,4
become,31.014266269422247,6
news,14.978237459477853,7
#news,37.630349308787224,7
damn,17.943135783400777,7
beat,16.53731870303134,3
could,15.197852544355756,6
end,103.1291962694763,8
6,17.231613979580004,1
say,13.640544638601169,5
im,16.367703989774533,4
lo,55.39658799476898,3
latest,19.52566033761313,4
stay,29.02251130034412,1
home,17.24353960963969,5
national,12.40278635437647,5
security,20.009786432024026,4
reason,143.79339909646197,13
photo,17.489749210975795,4
eyes,14.47379033582712,2
believe,14.53067565208088,4
forever,142.1879811075246,8
haha,32.6565525653411,7
tough,106.64676715911264,8
tears,15.701049705449664,5
smile,46.21849345787709,3
someone,19.40642877186592,4
knows,134.41551774560986,11
feels,19.416878299840658,3
break,22.5451539625889,3
happened,76.12491208470547,4
plan,49.63489609979635,3
another,13.499439354308953,6
liked,14.852201411671015,3
club,13.832991641720703,4
beauty,24.846371784414202,3
running,33.385930005539194,5
head,15.088232856752127,5
cold,54.82136082261619,6
dead,23.081826895380992,3
shows,14.687870776111541,2
there's,24.479132171531248,3
playing,17.75532244084444,4
sun,17.386658959622167,2
team,16.690667746187522,9
p,24.698309888145676,5
awards,8.503988009783905,3
$,20.91850666336312,4
million,52.20419704566349,6
study,145.9412316799187,10
watching,19.33482340138056,8
<,17.43956934976408,6
bless,87.56016128340579,7
music,14.50211013674395,2
last,19.60320219931129,4
doing,15.518581033209921,6
business,23.340217064933277,7
facebook,16.517692945732346,3
rest,17.997237848064152,4
grand,153.78566240449504,9
mobile,24.219715824912367,3
experience,60.685930142498435,5
starts,26.086429960539476,1
tomorrow,46.33911532005093,6
choice,28.103985226936278,0
test,26.454362800317547,5
d,18.134720250460546,5
c,16.986140418318858,5
cannot,54.40179711946364,4
chance,19.704585431253836,3
early,97.48657056216483,10
service,15.769480214642744,4
take,18.281510780256085,5
smart,126.86268943151453,12
around,16.96327313877736,3
win,14.065314060705457,9
open,15.414463294962072,2
bar,24.472967537815702,2
drink,25.240386785325324,1
studio,86.3828409610096,11
ready,19.887504879231038,3
round,21.597845981209964,4
seeing,19.817142391284406,5
problem,24.906901258007444,3
anyone,19.286212672005316,5
safe,56.379795916519484,5
–,25.349747666514386,4
wind,117.80100701614285,7
chill,19.32633278924982,2
played,17.62687653501204,3
play,16.184201525231863,6
took,22.738380980237974,3
far,12.990953854774522,3
@youtube,92.76068454493212,6
finish,66.80094073061278,4
project,52.16346609155907,6
shall,44.42522882613804,4
hard,22.178785705080166,4
yes,20.0536465077907,6
west,18.393709119031538,3
mom,98.01224816545277,14
moment,59.96756022943596,7
die,101.26551242285407,7
car,13.933434079264595,2
actually,20.31028565715417,5
come,13.285102439924213,7
true,21.370972531301437,4
friend,17.077055205416478,2
account,21.81189984474316,3
middle,21.175287647728908,2
high,12.49908485271947,5
ideas,22.46146194590487,4
personal,71.91285379634243,5
100,110.06576181247077,10
gift,18.86722000610399,4
card,32.07146549184708,3
yours,29.97024048886652,4
rather,42.83669345177551,8
idea,180.36114065201406,11
travel,59.06124505236948,1
sports,19.235357278915963,5
age,21.083824700198253,4
talking,17.781707144160254,5
1st,14.943467148137412,4
ppl,21.949004960892907,3
working,28.838994214068098,2
player,31.246155801648175,6
during,16.65477915202681,8
re,21.399796076618745,3
baby,17.05793995108239,6
we're,17.402604459512748,4
taking,21.105455778339326,4
between,36.42677060460038,2
points,22.552487315249714,5
tea,17.340725856521388,5
friday,202.2750539031817,7
sure,16.812202599826065,3
dr,33.081725013869836,4
probably,23.909824073431057,3
channel,15.822247615359084,7
getting,14.677138867504908,7
heard,20.58357189556205,6
cut,15.212392719108898,4
wtf,17.16506283799076,5
share,17.03018151582693,5
secret,87.97803501716466,4
si,50.17928792229841,3
f,129.06230624024911,9
h,25.47198273374884,2
l,21.026011020548133,3
q,75.08804162372488,8
y,20.555111575301414,3
building,90.49392586271689,9
hell,20.62330311780773,3
add,51.32383388843385,4
ga,232.23089820212525,5
fb,19.92155124626746,2
singing,31.95874473572693,9
finished,23.705808810212165,3
trending,34.89151941653577,2
he's,70.01746090784357,9
women,152.07631318248298,10
needs,13.281416032259095,5
:p,19.061924052750364,3
these,14.546992631368196,6
mood,119.34706208935779,5
wonderful,91.5532527164324,7
gorgeous,73.7590341558348,7
xx,17.338836026398322,3
small,228.72862717059502,13
try,23.203000225893426,3
sleeping,22.819272385418454,3
together,72.74580712985764,14
:(,18.520326739661712,3
award,35.438515847423574,6
speak,94.083199650639,8
run,18.290954242368766,5
ima,18.87159713433803,4
artist,21.36536123879526,1
pls,17.869325561674334,2
nd,165.55735615654604,9
rock,15.623220967040265,4
release,27.10563784217086,5
feb,160.60379119149422,5
st,17.927780537746163,3
15,19.69648090676879,4
bit,18.942716029909423,4
town,20.850211448946908,3
goin,17.215197698552707,3
line,121.4191343308127,11
wanted,21.976104424185696,6
talk,14.80592016374986,4
:'(,36.311302283905036,5
mad,16.444172953565854,5
_,20.22133468984151,4
huh,115.8941589156285,9
::,164.87248357284352,7
street,15.63965768673419,5
lil,21.738197405431375,6
site,68.7773072141329,14
follower,22.89878558488353,2
dnt,18.59620994492747,2
lmao,18.014539300141003,5
aren't,25.17567087573713,4
drop,16.749870630425093,5
match,28.41886148125677,4
missing,48.157666973298895,5
cat,97.4400841782879,5
here's,22.028356917665782,3
perfect,18.434205030768638,3
hair,18.878315125564562,4
couple,203.64042466479412,10
spot,39.83366487662127,8
ladies,21.095733325244115,3
fuckin,18.042934404919066,5
21,55.63062078321697,6
let's,17.639298137612805,4
event,18.092036505859266,4
deal,12.87533512804724,5
common,25.618271695733974,5
^,33.29705027277773,6
breakfast,134.1784931496764,7
cute,19.090154493552298,5
online,19.167311082373722,4
important,129.11908958298298,10
must,16.16008414559679,5
♪,21.375573490084243,3
told,17.02559561876113,5
fall,98.14763554826831,6
single,132.13543883216437,10
taken,27.25693531399081,1
sit,8.5755430400723,3
smh,19.692552222039076,6
myself,20.18676193813891,3
fresh,120.65459072455818,9
question,44.290759668617405,4
soo,22.968453762008007,2
followers,20.605264681963767,5
away,17.985483510494937,4
gone,20.941439565299746,5
i'd,17.14569333746784,2
program,23.454008102866748,3
state,2.731056180076271,5
•,28.56963694779992,2
epic,92.92165738356317,10
sat,27.725856894033925,4
18,137.59375985198483,11
miss,18.81850395290909,3
hehe,37.33353292764612,4
david,14.654635357792266,3
voice,91.31769204651282,9
wake,14.434143386832945,5
sleep,17.669764092565146,6
also,21.368167986667736,3
parents,20.653028883885572,4
proud,18.25658712411337,4
near,113.38504098509237,8
imagine,18.808920161410022,3
knew,21.539927041939922,4
until,23.42959352116099,4
report,21.191551747447175,4
simple,27.9565530181364,2
waiting,19.352447780883118,4
matter,21.19996159921065,3
- -,26.14636144685701,3
´,36.22893385219193,1
soon,17.853107173388782,3
won,11.117034523530148,6
hotel,36.824312972421595,4
english,13.699971211630938,4
tour,21.985367054972983,5
spread,116.2995052134451,8
fight,22.53680009106288,3
bro,22.10312539580146,1
sister,11.575824469572895,3
half,13.187109337527819,5
yet,20.3120920428725,4
stuff,20.037833305186414,4
box,53.274616917749476,4
different,22.14247936436942,3
worse,12.993997353677743,4
y'all,17.832245797556496,4
bowl,22.777874651980305,14
wat,29.371020275697646,0
football,20.12118691692055,8
hit,17.028542707486338,5
park,99.24681921232435,7
point,14.677818789139199,7
nite,28.593269186708884,4
film,14.605634507611155,3
busy,32.559239278945505,2
:/,21.59919438988135,4
price,39.3041654603208,1
luck,22.405335597632416,1
starting,20.711253543869194,5
asleep,24.46868435998864,2
cup,18.98727659086191,5
20,20.477508983707267,3
enough,21.469806687144843,4
chat,15.25016449921584,4
low,16.96155883826395,2
12,112.30368551714851,6
post,18.06991108007933,5
fast,45.159787191887936,3
25,10.077584548582646,4
shirt,14.719687114895805,4
mins,72.57079152012878,9
leaving,16.596076361011846,2
power,40.529997043687864,4
computer,21.71418311269091,3
track,20.427163414308005,4
definitely,19.398792043703324,6
note,23.557638765823107,3
boss,118.82472088124226,8
ass,17.425730571853926,6
vs,18.200247364270766,4
lmfao,15.28924745905223,5
weeks,24.479523019278048,3
issue,89.75147937627791,8
tweets,17.32360614884031,2
random,142.00113938244954,9
hahaha,19.446135202923653,4
broke,17.335314995115098,4
2nd,17.12339611969592,2
offer,49.6929186075632,6
diet,20.97484992766559,6
suck,13.367849111596517,5
body,136.88853013314989,11
wearing,21.48063267814725,5
thoughts,91.31662978271191,5
especially,26.878533892694367,2
glad,14.333235375170526,5
able,23.036928366389077,2
shower,88.8219454671091,5
thats,21.278746381006332,2
space,104.58461965475763,8
skin,60.60053715900255,5
american,35.30327250567989,6
catch,14.471894698535854,3
kinda,16.118905291612595,4
details,21.984965276439798,4
extra,24.480364160461978,3
type,113.96875859726673,11
yep,22.80133594742113,5
apple,49.181164547762044,5
area,66.63543926807387,5
along,44.204719478447906,5
john,6.40985854016051,2
bitch,12.900497414929692,3
pics,113.98461933408923,4
bet,18.450924488967164,6
gotta,15.704360195668901,6
gym,20.9542900813703,2
funny,16.9657565492922,3
uk,18.108438657501203,5
found,18.947204288873753,2
lady,25.59201136350141,2
thx,19.07852891734025,2
lose,22.011193189537718,7
telling,61.08956205777869,3
wasn't,16.321704218465474,5
started,21.706189718829005,3
decided,21.378318274637923,3
king,14.224182490595105,3
enter,24.379284255279696,6
lost,11.560812230898279,5
dm,24.732801389753078,2
bag,159.2386391407607,7
yup,20.464246272165994,4
internet,65.47889973471932,8
red,15.722430366852706,2
ipod,22.55429660848671,5
xd,69.85411012866629,5
tried,115.4143845878319,9
breaking,38.81801182260529,5
snow,8.552370699581532,4
hour,78.86613619786472,8
quality,21.71142570148826,6
information,13.486553590640893,1
session,61.91707030355368,7
those,14.410343671886437,5
shame,23.15519345710992,5
source,18.609314712054534,2
50,63.9021501539896,10
step,77.41525931188137,6
york,17.964025330904505,5
cc,15.510489953662502,3
fuck,16.238609002495252,7
list,14.628191219476511,5
care,17.83903675926626,7
law,14.276427374814604,3
door,225.79810836660909,8
eat,194.7124937644337,13
due,12.365076976601921,3
credit,70.88711727332155,4
aww,22.5628038123631,3
that's,14.310557319252615,6
energy,44.48035888101568,11
style,89.24878198114054,5
jobs,7.001935615188854,2
control,19.158959357789072,3
guide,23.889293212495936,3
tips,22.796445145939146,6
website,52.08264004860001,7
wow,14.16724241946473,5
fell,43.1531667630445,5
wall,176.65452674193625,7
she's,18.067456980021852,2
hand,23.967099644475635,5
pictures,146.87370077079916,9
case,21.352870320474583,3
mi,24.731357888036186,2
lunch,93.07281986453148,12
reading,16.718885585643086,5
longer,66.09475362744288,6
lord,74.57879132309243,3
we've,24.21282263838694,4
worst,22.675314687626805,7
ma,13.08267011267169,3
gives,20.191905561122905,3
hold,97.22639408552158,9
ha,22.885427142044353,3
shot,21.03238759574309,0
full,132.39439720438122,10
party,22.915808748308972,4
eye,25.532760866689337,7
mention,53.989766503358446,1
imma,23.699298494133572,3
lovely,21.264915912412402,3
final,18.992517777088896,4
books,21.996995369979985,3
yesterday,22.868368054698447,3
everyday,71.65666010597396,3
winter,13.371967826025235,5
house,16.5170368487102,4
weight,79.40954650459712,1
loss,19.78499124758202,2
store,89.43571975520378,11
works,47.5636888729455,4
daily,12.63891363825742,5
▸,53.96902765137757,3
serious,21.03285028531607,5
south,67.31887861360273,3
hungry,24.418547282486845,2
radio,20.626037745586352,3
theme,41.30074729526977,3
network,15.008669282257147,1
both,21.118781684665525,4
double,119.76115838226005,5
cover,68.9196025235011,6
nigga,15.268193321867992,4
cream,24.767449938328664,5
side,22.66747993201201,1
sex,51.32778125899928,5
click,30.82344180626731,3
means,24.57268634776213,2
eh,27.237571299738,1
order,24.644836822603363,2
anymore,19.922996450633235,1
global,20.429526538086414,3
quite,18.33341780555997,3
bday,21.247760241566812,3
expect,67.6059584582095,5
fair,6.97117762111231,2
students,14.656861596918445,4
food,19.27312791218994,5
understand,83.9890010270214,5
system,41.67289535720779,5
em,16.97527817682905,5
26,6.541544763590069,4
chocolate,23.38139826641657,3
we'll,38.13055423193302,2
kill,18.472048271337723,4
size,26.403047090114303,5
history,44.06693912110253,8
battle,160.04217625584295,11
three,23.770207376121455,5
weird,22.356898776618248,4
sucks,34.71960856008187,5
#jobs,18.70284523729088,3
dirty,89.31824304647414,11
today's,23.007796267910475,1
gosh,184.55796227431372,6
bought,21.67658616442478,4
btw,70.3185519870756,4
pro,23.082388401858054,7
worth,14.244214313967975,6
market,10.803916962348135,6
changed,85.97995571729889,11
listening,21.08482125652534,1
clear,23.640110324328774,5
you'll,21.512095438472127,3
wins,22.787444434593514,6
ill,20.31815377688375,5
answer,20.96137181670794,6
page,22.497443363969676,5
afternoon,16.684039852504185,1
alright,71.38686069189284,5
anyway,138.82612314879927,5
slow,229.94488805163476,10
less,23.161432981354636,3
tuesday,17.438796229357337,11
seriously,121.01466546864123,10
model,20.775444184407277,3
outside,70.6259026230633,9
ft,142.43898015375456,8
hoping,33.98864842804485,4
ice,65.606084611451,9
center,212.98839321641796,11
brand,20.947679481435802,3
blackberry,21.50537156179215,2
usually,104.05939897182697,11
album,22.024866106498585,6
roll,21.27642072124228,4
pm,22.254095816015223,5
hopefully,89.85960805337108,10
making,17.74611278065089,4
na,56.16117358950359,7
sum,24.155851559516574,3
windows,45.66311918054764,3
d:,20.755132906908145,1
young,21.910804236905985,5
tha,20.80880718741035,4
art,18.580945009369355,4
french,31.22015886445409,1
9,48.63394462103546,6
-->,90.9277051423117,2
loving,18.72343175348286,3
band,12.38949329370198,3
coffee,34.623123465877114,2
dey,89.08176153562903,4
weather,11.800897174016049,3
trust,68.53179310278136,9
sound,11.097571114465214,5
having,21.75766667869444,5
level,17.386134367710863,0
android,7.398792215398191,3
hmm,20.69704911470364,2
#fb,20.68384546568095,6
sale,76.14844450903338,7
picture,15.818745908178512,1
ad,20.423137187904974,8
local,44.268377965021784,6
kick,17.524591285989516,2
screen,23.754393054452958,4
road,37.25711633268889,4
comments,100.76565356546243,9
ipad,53.89820476196097,6
fly,22.313991638555144,3
piece,20.871253972933886,3
results,105.64544898829844,7
agree,14.803420739989871,7
abt,26.352870588987997,3
di,38.69863995686699,5
takes,23.347713528640696,6
mac,74.58267053145237,6
sick,20.24116348365373,5
available,22.435945450754197,4
chinese,27.9584683944317,7
whether,10.838072310835027,3
shop,33.79626789756684,4
dad,22.093937635421717,4
fit,21.887337346801615,2
moving,119.69835687930312,7
wen,291.7348374631924,12
needed,111.60609296507,8
concert,18.50683544138893,4
pass,15.120185773407457,4
present,35.38061519489187,2
children,39.91054121710853,4
awww,24.570469544015914,2
member,21.992295821742974,5
gettin,18.73537618592767,3
natural,17.53895582862979,2
lie,23.04890255624223,3
throw,16.385700621267013,3
___,24.68420639987538,4
normal,46.92405769072686,5
act,103.82079366194097,7
fucking,17.692173545103174,6
bye,49.90103231860296,4
wedding,8.034872726343913,7
shut,39.276906114803694,11
tryna,23.86172958206397,2
angry,43.17705568279822,4
trip,21.21651767288553,3
lead,126.6378951504761,8
boring,20.469761688057027,5
blue,74.00526556178569,4
gold,17.788627772141666,2
airport,15.84519028474388,5
bitches,304.89561677027234,12
@addthis,23.706866548854,5
wife,95.86637062522018,8
added,186.38279890138202,11
truly,26.593236532206845,2
asking,31.700724773679845,3
living,23.032040871798372,3
comment,88.76861426968236,6
dance,12.899450645640199,3
likes,19.96123562665321,3
boo,27.964411248926993,2
record,79.03921132748053,9
popular,108.95096642871613,8
ah,21.2450810353082,3
rain,33.36618927333765,1
wondering,22.03098052932117,4
dark,23.04738317988416,3
apparently,20.476288036119204,3
nah,27.16957321039835,2
):,107.07323311906897,10
didnt,18.58481398564821,3
ap,142.24013860905782,6
series,89.86977963013824,7
idk,26.013145128173157,2
worry,24.153357872955393,4
wouldn't,21.73210480124703,3
bored,17.878512080466162,2
magic,51.97989922971652,5
8,22.431083167297594,8
view,14.098416193746871,2
！,156.48934913756017,11
paper,23.030310623318883,3
government,14.153743370076839,7
self,101.46879351340193,8
tired,20.171954717280727,3
updated,68.1683593176497,5
third,24.088410636756674,3
:|,32.784037369164096,2
buy,20.838223058880846,7
♫,23.88334057300037,3
problems,21.029172426682496,4
return,50.51151142046477,7
babe,133.7811487679934,8
happens,151.47956154562087,10
create,66.19340190851884,4
kno,21.476201905366146,4
alone,31.792376801688242,4
seem,56.64395134077708,4
pressure,20.478652442710683,2
training,67.39375803576496,4
save,12.940955757411347,4
police,6.158672610191845,5
#nowplaying,41.02341445004624,4
absolutely,20.5265155388235,3
beats,64.2094929707903,2
international,56.73544869585369,6
awake,95.20042292220538,5
dis,98.04621980134996,6
ways,49.57602775198654,7
trouble,22.181773243564557,3
sitting,9.932820916676048,4
dj,163.4505794725997,14
write,19.682241822782135,4
°,21.6394544890962,3
mark,10.188936889804468,1
whats,24.07350055270989,2
cry,22.106377701088366,2
who's,65.73597432299425,6
turned,19.55411825021195,2
nobody,166.52226966001956,12
fail,37.86328150523739,7
woke,18.389742314809236,2
given,69.79641051954337,6
mouth,73.21165342114284,8
cheap,28.749126411662814,3
except,19.896863896111046,3
somebody,22.18232659905142,3
reviews,26.469359152271966,2
17,171.84612226875691,11
fitness,35.51656317432472,4
laptop,39.795639126704906,5
swear,26.904019327903672,3
players,17.63143383330688,3
four,21.282339730804274,4
shoes,63.86157093561736,5
movies,14.516928184510562,2
reach,20.864359505640255,1
. . .,18.999496752649208,2
pack,18.109507286007144,8
hospital,18.077527842351376,1
caught,72.95422543513968,5
gave,20.483800287216976,3
yay,19.743607671231317,4
brown,24.23249230777607,1
fake,180.40822646713795,8
o_o,28.807814836028083,4
aint,17.700251555399436,5
sigh,19.989910939305734,3
niggas,25.990419899755246,4
pissed,15.967924674538823,3
#np,110.41465583644211,3
«,77.01485569924441,5
winds,30.437891139740913,1
humidity,24.244750691132108,2
hmmm,22.675156829319178,5
ugh,18.572538611305326,5
chicken,25.236881624914336,3
pc,110.71547543803513,6
hahah,27.756672074706866,0
@foursquare,16.070936149633866,5
unlocked,17.09747945633411,5
thinks,118.66298040663825,7
<--,21.876571563734675,3
marketing,44.64275173072543,4
mph,21.169411960372276,2
temperature,25.362219476383434,1
pop,110.9755425042373,8
celebrity,68.44509780918013,8
