words,RMSE,trend_points
in,12.410382387201262,9
2011,14.648768573923581,6
visit,17.196537686003058,2
for,10.561977862037642,8
the,8.938089872310366,9
best,8.890888755017516,9
summer,14.137821486945588,6
want,8.852172676294831,8
to,9.922162369204797,8
get,9.783204998613614,8
of,9.388640563077224,9
nyc,18.123896055304602,4
or,10.858680951016748,7
tickets,15.225698614042148,5
our,8.607086705528252,7
?,8.20638314632612,9
!,9.486444479158765,10
,10.036485964513613,10
are,8.70732952549417,8
you,7.678995637678549,5
omg,8.66545946603836,7
i'm,9.195746014963824,8
so,8.541762881401079,8
a,9.485818010331027,11
work,17.049686509979704,10
week,13.627287958314174,6
isn't,12.914140648824796,5
right,10.495372304810035,9
start,11.762019689848794,5
your,8.91099488480758,5
monday,17.885918958453644,9
with,10.166452296931146,9
am,9.688644230936898,10
call,15.037110678579353,7
.,8.640758126673772,10
;),10.599040846684455,6
has,12.283695349583885,10
some,10.07852455370774,6
amazing,8.986844505731609,4
things,10.107498507778258,6
-,11.959110463992605,9
40,15.455709529082194,6
years,8.757465517442917,5
ago,11.77090972147344,5
on,8.985185534987801,9
days,12.503025987592007,5
number,11.220482923138663,3
1,5.34060575405992,8
...,9.949622009618974,8
is,9.228435953050145,9
words,8.459787773604743,3
..,10.545760375311339,8
this,8.309122340742144,7
feeling,9.732686991033923,4
ever,7.809753908251855,5
we,7.302920442979138,8
guys,10.488207244666244,7
world,8.947757552701164,7
and,8.880004849760295,9
won't,11.599444641031933,6
let,10.77201194584014,7
u,7.648828558572217,8
down,10.74741905946593,7
love,8.185918027014969,6
all,9.771354758687544,10
x,9.666174996381839,5
5,14.471331655380945,8
:,11.208094988043868,8
learn,14.525586188765399,4
better,8.14466717881242,8
live,7.053322791548891,7
it,9.298598890677678,7
listen,12.95694350819397,3
change,13.037378352217193,5
girl,9.076876884725078,6
sweet,8.753726523720333,6
pic,13.924526678617731,5
was,8.804619864052086,6
up,9.868939879620338,6
have,8.61250044788431,9
back,8.037668621551314,6
form,9.676057840679515,2
#,10.125125093901175,3
new,16.669484286772303,7
michael,13.80240094477712,5
song,8.452989041305193,9
"""",7.5065763816224536,6
@,9.488665083649384,9
word,13.658957018262742,7
ain't,11.495627032503256,9
it's,9.341197173573962,8
stupid,12.579689549887169,5
ones,14.78036647993688,5
that,9.195684730640254,11
need,9.026738461182578,7
advice,16.057137424045195,6
make,8.27195048188263,6
me,9.393816161856563,7
feel,13.30594033847437,6
warm,18.21486011302601,1
inside,19.088725629049137,4
like,8.119395731069922,7
i,8.339398048090036,8
&,11.638735616890031,8
now,9.235381866582095,8
my,9.598699483721687,6
rt,9.466697302107233,8
follow,10.085687150982594,6
yu,7.576748900449388,8
30,8.75569902530913,3
minutes,13.525251762054394,5
not,9.395034116107007,8
i'll,9.85854927023192,5
give,10.826956721358576,8
good,9.229888802537298,11
see,9.33174204978368,9
twitter,8.709427981073333,6
:-),10.741127691358916,4
how,14.349552475143408,6
r,12.748025069083539,7
n,11.514922499880006,7
will,8.38698984571829,7
tell,12.144077504388434,7
friends,13.503899396808373,7
just,8.215085946511605,6
company,18.703735871643886,6
excited,12.200923366759612,9
there,10.794526547979864,8
two,9.979360765264182,7
success,13.5064355231729,14
life,12.537980011543175,9
don't,9.324759807759158,8
people,9.213344643730194,8
everything,12.683802663907949,3
know,9.391342331990923,8
they,8.73850648813171,8
sent,13.456504438123696,5
guy,9.156766829385464,7
message,16.519143755377783,3
said,10.356351160829787,6
where,8.093330223334238,7
office,22.494685774853217,5
watched,14.927032597880352,5
as,10.556715865456624,9
show,8.44589895975327,9
you're,9.984143368370944,6
favorite,12.227632311826602,11
an,11.185479470327564,7
top,10.008870670741715,5
10,14.386352606399422,10
using,13.91465754515461,7
thanks,10.605893725576566,3
wish,9.856763014701883,7
fat,19.861658196796757,5
us,12.777524789584152,7
send,18.783839325542512,4
from,12.945423095159029,7
please,9.493777482725434,5
maybe,10.262970295941503,6
would,8.811822125857722,10
do,9.480167659131178,6
cause,9.987931592677969,7
pain,14.594879754113524,5
blog,20.595953999705664,7
search,14.723385900718307,5
(,9.989186452496556,7
),9.38093102533242,7
exactly,14.34658593122009,6
many,11.799415567439407,8
special,12.557913805057392,3
choose,15.381850648348669,2
girls,7.066321382512945,8
go,10.780385027084439,11
bad,8.775589011302063,7
writing,14.700089435806593,6
songs,8.99029746484752,4
beach,15.84743628017423,6
walking,19.60638665533325,7
dog,13.308525972692323,6
lots,14.465304730386435,3
places,18.77432316692189,5
be,9.631413436742662,7
press,17.482970274522074,7
any,10.724691936019914,7
key,16.37818959390428,3
continue,15.905342033923635,4
finally,11.423965846769017,5
read,13.51144236266882,4
great,8.415570055015488,10
job,18.35304895684986,7
3,31.787363485013234,6
dreams,12.234887194325534,5
seen,8.92516855442916,8
real,18.137871541061703,9
mind,12.876495864985683,7
does,12.353050618926073,5
them,10.692566300506364,7
bed,11.982241900087345,6
interesting,17.253976037466426,9
why,9.42276023771344,9
games,12.194984324117382,5
never,5.8925607766937125,7
came,10.56751212700105,6
>,14.274178912915003,4
health,13.811172618311213,8
did,9.403130782160737,11
something,10.428421425026158,9
couldn't,13.080114996454261,5
done,15.150450302542348,5
almost,14.855264510742149,5
country,5.8814111154773485,5
yall,10.851525516722067,10
find,11.828034519818168,6
under,13.786153374030482,8
lucky,13.954075272844705,2
(:,13.303337389392736,5
even,10.849683362085766,11
though,11.001263074422251,9
walk,13.192243132879975,5
through,13.791247851903504,8
death,14.660167864575687,3
no,9.412437620738427,9
cont,12.419107997064307,5
when,9.0393627500767,9
“,11.540420738434774,7
most,11.562647965368344,7
times,12.417307783106116,5
had,10.987577730908892,6
hope,10.876080677440504,7
looks,9.367729112047499,6
pretty,9.50548372250308,7
tonight,12.013574013598886,5
yeah,10.144405566245618,11
min,13.010519279816528,5
later,11.592043694730194,5
hahahaha,13.258941350800749,5
what,9.637814659342204,7
who,10.273443550191109,9
god,10.34473076913054,6
forget,14.827789557749055,3
2,8.100904168816006,6
hours,10.407496549609514,8
bring,9.71354683966939,5
forgot,13.326202068923132,5
@justinbieber,12.973725101002776,6
hello,8.126973821492925,8
m,14.061664769136204,6
well,9.246260246205738,8
remember,11.408524303923876,4
old,8.80462929481091,8
man,10.338365433001233,9
`,15.002961293716435,2
s,13.104066834017315,10
way,10.398608682778498,7
saying,11.449561979495433,7
got,9.036888840439925,8
about,12.097235923548551,7
weekend,14.652712712203245,4
day,10.84101079729975,8
can,10.258083948395948,9
join,12.501685257078304,8
few,11.471339135120301,7
asked,11.9899397299256,4
really,9.334604605622443,5
didn't,9.211633360014268,9
room,11.496942426855984,8
whole,10.72551852807634,6
story,16.929111252703827,5
saw,10.380074654834603,7
out,10.580035281373853,7
o,10.195985335540593,5
think,8.603144744514859,10
iphone,20.363791083616615,5
app,17.357947404411565,5
obama,8.526326460793243,10
should,8.704675692979311,8
mean,7.083663741683455,6
nothing,10.467623605132841,8
after,10.910742508758391,8
much,10.096400785679245,7
she,8.901200535091878,8
into,12.914885008889144,8
soul,18.640416361893877,6
clothes,15.938407875328398,5
7,19.846208440276616,3
by,11.613432341062273,6
[,12.96509097157975,3
],12.668112552089577,5
la,12.922931064177238,8
da,11.181119435618328,8
at,9.536362272767617,9
long,11.717063534341687,6
dear,12.032660487002264,5
if,3.9177571430948386,7
text,14.26553933867256,3
while,12.206230267294854,5
driving,18.361180780618636,3
meet,14.53536980215297,1
him,8.534571438735142,8
pay,10.20193710200384,6
haven't,12.806194517602824,9
used,10.050146489392226,5
4,12.51268673909463,5
months,15.377699017608643,3
',13.594298769904654,7
book,12.910792577517762,3
tweet,14.370626225884564,8
hate,10.313865595825124,9
but,9.77948068486508,8
mine,8.979443124453935,3
;,12.569824546870429,3
off,9.001827373468,8
<3,11.573261706513303,6
wait,11.069040219652015,10
time,7.835460491402105,10
stand,7.1772994497273,6
whatever,13.049331941366507,7
may,14.172906787144791,8
~,11.647488441527297,5
interview,16.899899389982245,6
al,7.80333005016617,6
tho,11.043848802429304,8
once,11.372473957344093,7
relationship,9.429394527495724,5
peace,13.094300987055558,4
only,11.027687301581782,11
! !,10.966695341215194,10
comes,15.245519384637909,6
pink,16.1526388610174,3
missed,11.637552874440564,7
year,21.961033629781046,7
been,9.185897141909049,8
teacher,7.705252745416336,8
de,10.791503487477351,5
private,7.911134304384032,5
”,12.23313181290665,8
»,17.23643248441598,5
without,13.17926728845234,6
goes,16.85309538855236,7
public,17.911537604345806,5
email,18.49075452307381,6
he,9.554674023427918,8
doin,12.437422917807924,5
;d,15.007973531634072,6
lol,10.512982948818443,8
evening,15.076283074628455,2
lets,13.342841035936276,10
plz,11.767461385285802,8
check,13.21991338002469,9
k,11.37993252788821,5
version,15.575535485084972,6
black,8.883356323627737,15
yellow,13.515513551406034,10
thank,11.558794841821516,4
one,9.533433278575833,8
seems,19.84389109672252,5
sometimes,15.524391042138387,7
help,13.044161193768181,5
yo,8.008441674444011,7
el,10.448414178998913,8
google,43.53561518392824,8
morning,9.048587318569815,6
least,10.663946619404001,6
month,7.7201484897527655,5
ends,16.65023444794787,2
here,12.881209082095939,6
over,9.868621782137211,12
okay,12.229511852251868,9
link,13.742729064389678,4
download,17.76794934898364,4
train,19.596515297631463,5
station,17.073495980291675,8
+,11.95915507168805,5
crazy,12.852652066032087,7
kind,14.089948151919948,5
%,11.634579564911471,8
left,10.135366028322746,5
b,11.460782751217176,8
*,8.953109249176608,7
because,7.457739932593332,7
boys,14.455957430197492,4
…,16.384852048116464,5
huge,14.936390934575156,5
vote,15.569871236178452,6
every,11.393885152040946,6
:d,12.236560677234266,9
i've,9.497969214378827,6
put,11.027240696193674,9
too,11.327737098435847,10
video,9.25264703855723,7
game,16.376444284874474,14
super,18.52646648053831,15
cool,11.287405381217054,5
wonder,10.79165307356334,7
happen,13.89113257181605,6
stop,9.978705872347284,8
shit,9.687304809158507,8
’,12.647303537060745,10
dvd,12.546062237233018,3
set,13.478860027855294,3
plus,15.31017636251371,3
nice,9.171748321386376,7
clean,8.952383445084655,6
before,11.042962108926337,9
everybody,12.934809296545279,7
wants,12.24497200541417,4
hear,10.488534024178094,5
sorry,10.87870797404434,8
else,10.559319191879691,5
enjoy,12.933640407930964,5
congrats,8.725484674570978,3
her,9.305587909888187,8
first,10.560208788599349,9
performance,8.894668011910767,12
group,18.589154374418563,3
:),9.560195722832159,8
meeting,20.802636215033427,7
central,17.718847056621488,5
saturday,17.02972110616658,7
info,13.288208951614315,6
hi,14.145473235343928,4
following,15.792855854154169,6
shout,14.079728974389887,3
always,12.324790347569364,9
welcome,8.743855099880554,6
use,14.641839438366874,4
justin,10.777841159106483,5
gets,12.936957953451605,6
own,12.25856813574805,9
annoying,14.861493771662666,4
night,13.27151034792009,8
boy,11.153281323887558,4
heart,10.669832488869964,5
current,14.37687819295502,6
eating,13.149221047970277,3
going,9.652935986615608,7
called,16.978302871863427,4
says,16.235967377101506,5
web,19.434847529497294,5
calls,16.401286169073817,4
big,9.32177384298162,9
their,9.252436244284118,7
support,13.277695311186742,4
awesome,9.109740325143381,6
2010,17.620992932049802,4
stories,14.767933466741512,4
|,11.750402555053896,6
social,19.265769242841447,9
media,19.90105538480882,4
via,16.276856995044987,10
fire,11.72197735148352,4
free,14.623226383189134,8
air,13.125116155562255,6
update,12.94722193274512,5
today,9.74222890652481,8
next,9.517908158837939,7
which,12.565630650966197,5
other,9.691445614120918,7
design,21.76755774818694,4
sign,10.57218228792772,4
school,23.71834327468129,9
fine,15.35545993354891,8
anything,11.111564805594076,5
nope,16.84694177062972,3
deep,16.727876533545366,6
followed,15.886640237593472,7
oh,9.531102869272363,10
what's,8.488280893194418,5
yea,13.389930935699796,10
dat,10.461491813876357,7
wit,12.159147727784495,7
ya,11.689495859582049,6
looking,11.905153121341492,3
wear,10.923150958933642,4
movie,10.075814185298729,4
kids,10.905966678158313,6
dress,5.400028831447541,10
look,8.190781570703859,7
human,15.380837639064131,4
retweet,12.073641737240662,3
money,11.602070427503882,9
official,14.699453866901942,6
still,9.373888288699078,9
can't,9.12264816209421,7
e,11.9020420285632,6
such,12.501951656618775,7
thing,8.416638722526896,10
already,13.016401738870911,6
his,8.959143825172417,10
face,11.374858474505654,7
ur,11.311254019765924,6
college,9.1213672920959,5
;-),13.41490193798103,6
gonna,10.222091072524776,9
touch,9.906432121111894,3
light,9.94664977201727,7
16,15.1660951809662,5
id,14.887233162149965,4
tv,11.537407813635298,7
phone,12.183820491121153,5
j,11.167086802400476,6
/,11.901655483143445,5
photos,15.920181412085839,5
you've,14.750975508971196,4
person,12.433601460439013,8
#teamfollowback,13.555244037073075,5
past,17.780943123750827,4
bieber,9.121315955619135,5
coming,14.436231862189066,4
ride,15.144825574163246,8
water,16.830896720987063,4
yourself,12.78331558558062,5
being,11.978880786186267,8
family,10.973335832132179,4
might,11.397367948259518,7
part,10.155425094609488,7
earth,17.61365488928439,5
beautiful,12.127003338499563,3
guess,8.842486871214096,9
per,19.51753739918703,6
second,10.755084606180331,9
since,10.196685151968671,9
posted,15.642590195308024,7
youtube,12.32529873074348,5
taylor,12.875510093785332,6
were,8.773746799666494,6
review,16.727957967963388,5
name,12.519928831591546,6
‘,14.07550602393333,8
sing,10.724315653086842,15
little,10.061963937078687,6
ball,11.472528241671634,10
sleepy,18.138294114619228,6
close,11.065443278633914,6
cuz,11.320606244869747,8
totally,9.961706793733853,4
hey,11.747084405576556,8
article,19.43638202419279,4
favorited,14.671133680619578,4
makes,12.853299896842449,7
thinking,11.396851452559076,5
february,11.450443029185479,5
strong,13.885105628999892,5
woman,13.078337470313118,4
13,16.41134624803915,7
they're,9.95989126226101,9
fans,12.35314564195114,12
keep,10.757349717042725,6
watch,11.578311964529187,11
move,7.454317151277157,3
dinner,11.91372550041578,8
mr,5.213821947252018,5
=),12.483974287225438,7
hot,11.913768989764417,4
date,7.901599641284366,6
happy,8.488652177698105,5
birthday,14.277193233174227,3
kiss,13.662337443998153,4
born,10.404358008609925,6
march,16.0651154214551,5
11,13.316341589847072,5
star,8.469660541196937,6
sell,15.624886483699623,4
others,14.430851367344106,6
front,15.367532243298427,5
often,14.805223257060113,4
against,13.090853044485907,5
short,13.527029950846776,5
spend,13.815464001859803,3
wrong,12.267636377499633,7
possible,16.73796325913514,3
sexy,12.98819803029576,4
future,7.133247973854487,4
mix,13.026131595949561,7
london,14.307757937399977,9
white,9.228997145075212,7
mother,14.03258050148713,5
calling,13.48843561005461,4
green,11.113113651755322,10
wanna,9.734614040383347,8
=,12.151879873250211,5
don,16.379942023446365,4
t,12.595523876267993,5
pick,9.826998259111399,8
—,10.933948074380933,5
course,12.720238533814223,7
same,10.314908908523215,9
0,17.70584424629839,6
24,4.680621145673962,7
men,13.875963297467266,4
james,10.886006572141033,3
14,10.440418219342517,6
fact,13.82256304307653,5
cant,10.427721023787312,7
more,14.259064104017856,10
than,9.159968454175267,9
til,18.354858279500988,6
very,13.130893910286877,4
\,14.36447587503604,4
giving,11.737387845592023,8
its,11.716450127843567,11
made,10.500799572896168,8
sad,12.95087462476709,8
each,12.241003122385743,5
bout,10.672088660981125,9
tweeting,9.684259261836688,6
again,10.895661261069838,6
class,22.1075660465476,7
went,11.125922009249612,4
loved,11.735409275164349,9
gay,12.025953124377356,8
season,8.521942188393428,7
instead,10.24035621016543,10
fan,15.521569013588449,12
appreciate,14.855538798125673,3
sunday,21.991731257513848,9
forward,9.108850246822662,5
loves,11.57333019758024,7
easy,17.162510940778425,5
place,13.329212679364016,3
dude,11.473304715484506,8
trying,11.602777929522613,5
child,9.056786223188897,4
fun,12.655325033798995,5
brother,16.43642375976503,5
major,18.489212425382767,7
doesn't,12.436929746579462,8
hurt,10.684745252654906,6
hurts,17.400803878442186,5
fighting,14.458353589720991,3
sounds,8.900936517077959,8
everyone,12.171515106768364,7
lot,11.461055325891383,6
drive,12.721910892534488,7
late,15.31388492633617,5
reply,12.701961610121295,4
leave,11.484159631794807,8
v,12.954454603187198,6
thought,9.186462357487711,10
awkward,16.333329428153156,6
hands,12.21721334346696,6
dream,9.134988642415763,5
stars,17.42528522730634,4
turn,11.96482047409685,5
ok,12.059193921085923,6
behind,10.98349763420067,7
till,11.722233373891298,6
meant,15.900159254301563,5
ask,11.30993942606518,5
truth,13.447865854668349,5
straight,9.664696182751149,3
laugh,13.273066592093844,4
dont,8.63973360393269,9
either,14.042263975051085,10
profile,17.178789180773325,4
city,10.80588961895155,5
jus,12.951225842903119,6
g,10.340685412239804,5
w,11.723352931764142,7
plans,14.330515791623391,3
lives,10.23636387075943,5
planning,13.55158662534541,5
episode,7.727730365240075,5
then,11.089302079921689,6
respect,11.971271617402056,5
met,14.771655077416392,6
become,6.196801036435702,5
news,15.142277617840179,6
#news,15.701718278861973,4
damn,11.1595913275343,8
beat,11.00813777267483,5
could,8.75808741513536,8
end,12.188050110142722,8
6,12.999129826766048,10
say,8.17753852787378,6
im,11.185353434541549,5
lo,14.96152292395756,2
latest,14.35363348524184,5
stay,12.307909255035984,3
home,10.15194746368409,8
national,9.147357487480454,7
security,14.726730141314018,8
reason,13.618146464517901,6
photo,10.816521122131652,5
eyes,9.487570408448889,7
believe,8.101986515100053,7
forever,13.072056638336349,4
haha,9.810039919270803,14
tough,14.492313355185248,5
tears,12.831982989508026,6
smile,14.149375508950426,5
someone,10.65221288524955,4
knows,11.61861810784344,9
feels,13.173185106997606,3
break,12.697725362375152,5
happened,12.077572282452731,8
plan,13.595588524568633,4
another,9.048279321545525,5
liked,9.633534961457528,5
club,10.451813497974289,6
beauty,16.056446860501342,3
running,12.200057929133113,10
head,9.829973144663208,5
cold,18.923186789643875,4
dead,12.959987226484188,6
shows,9.876554763056143,5
there's,13.747690368569673,8
playing,10.80132583130315,8
sun,14.17171665647295,7
team,12.126042507470205,10
p,14.841496135105249,4
awards,10.010476569930416,6
$,17.654839700991772,5
million,12.33437366901744,3
study,19.60617146179398,4
watching,12.422159113800793,11
<,12.935582736430586,8
bless,15.179426114379794,6
music,10.657878495555622,6
last,9.903195841650145,9
doing,11.111985675654987,6
business,18.646177942368467,5
facebook,11.471789670565247,6
rest,10.68431059723687,7
grand,16.787388551018225,7
mobile,16.37630897786904,4
experience,12.904616202632877,3
starts,14.786002449978586,4
tomorrow,21.93129159469518,7
choice,15.061514307608281,4
test,20.37767264014972,7
d,13.093135641055628,7
c,11.480911985295034,7
cannot,14.755422278837647,7
chance,12.846363165687322,2
early,11.186500449192248,4
service,14.528300500064956,4
take,11.933852805753215,8
smart,15.564151781218662,5
around,10.41109852628078,7
win,10.341806902055744,12
open,15.591473755695626,8
bar,16.197827257885503,5
drink,14.590313305472534,5
studio,12.077610901633017,9
ready,10.946577442202724,9
round,14.919044521215143,3
seeing,11.93418929256739,8
problem,15.249920306497861,5
anyone,11.18945408910423,8
safe,9.996156418229146,6
–,12.916308696736108,6
wind,16.19938817350651,6
chill,15.008763884651348,6
played,11.09511080333612,6
play,11.015380546164273,9
took,13.705580426529004,6
far,9.322707716696414,7
@youtube,13.582793662032369,5
finish,14.526576951379072,3
project,19.09125454327131,2
shall,14.147730160322755,6
hard,14.163133588107549,6
yes,11.404789025800815,9
west,18.014479767746007,6
mom,8.277152367019493,6
moment,9.334793849102802,3
die,12.233095191099675,7
car,9.49190102789637,6
actually,11.482316182679403,7
come,10.381844335068513,6
true,11.718891164122226,7
friend,10.885307113606226,8
account,12.403420744884825,4
middle,13.279399667884473,3
high,7.844759757205383,6
ideas,15.102657071422414,9
personal,21.68920658437334,3
100,11.877279788841587,5
gift,12.90853566071024,4
card,11.929330288521998,4
yours,5.823512665614946,5
rather,11.21616846040012,8
idea,12.698324406372286,3
travel,14.636207746279705,4
sports,11.578256266182304,10
age,16.944852756864222,4
talking,11.679932131647403,6
1st,10.220858130044917,7
ppl,11.361315537434646,4
working,13.572071962540534,7
player,11.947001054117491,5
during,11.496117295540042,11
re,17.3715239459694,5
baby,10.981800038103154,10
we're,15.780831022411386,4
taking,11.578357534543889,5
between,17.770108649809536,6
points,13.74543157164842,5
tea,5.967479040414873,5
friday,21.343103276014258,4
sure,9.53144313891649,8
dr,10.558913030730734,10
probably,13.177787991577894,7
channel,15.625510563350344,7
getting,11.006465691425513,7
heard,13.137861263790432,8
cut,9.209442996315792,8
wtf,10.327970850073655,10
share,13.836838031851489,7
secret,14.30074378449936,9
si,15.752909050461767,5
f,13.07053490406544,7
h,14.968873788726592,7
l,10.677215871528341,7
q,13.110227155087346,8
y,12.60046305599611,7
building,13.294045104694414,3
hell,12.423180583337233,10
add,14.706620727399486,5
ga,15.802879812478128,5
fb,13.849255789793721,4
singing,9.748897801336126,4
finished,14.253700620312099,3
trending,19.886399561766012,5
he's,8.23336706106081,8
women,13.022947767198573,5
needs,8.121298877538857,9
:p,12.099209315238198,4
these,10.202021784805332,9
mood,15.753352050573056,3
wonderful,16.503632174106155,7
gorgeous,13.899196428003112,6
xx,9.141394621740169,8
small,16.894188625103062,3
try,12.417334308817408,8
sleeping,17.322988492238395,3
together,6.464056389637843,6
:(,9.50975528956576,5
award,16.731051144225884,3
speak,10.342036801049394,5
run,12.88779316492387,7
ima,10.58589864237377,2
artist,17.865533527820055,6
pls,15.110696439927866,4
nd,12.851540834726809,4
rock,8.76624678760576,5
release,17.93634149078308,8
feb,17.68613843173168,3
st,12.095207586764962,5
15,11.821775752644205,5
bit,11.091476162994535,3
town,13.19099332484196,7
goin,10.2116739978218,5
line,11.677294885818132,4
wanted,12.347959696235534,7
talk,14.534579240081632,4
:'(,14.952077122567545,3
mad,10.004327099536454,6
_,14.242924989974831,6
huh,13.684720545180985,8
::,15.732539521246991,6
street,13.448129714952149,5
lil,14.123639144046646,6
site,7.08883366229777,4
follower,16.72313003385203,5
dnt,10.644115523297883,10
lmao,11.227456595489835,11
aren't,14.498102702390707,5
drop,13.556221443769397,5
match,20.713472287892312,5
missing,14.918695675262972,8
cat,16.366319538401555,6
here's,15.312525443066889,4
perfect,11.360355774968477,6
hair,10.931683791816011,8
couple,14.123028227721809,6
spot,12.415504080660046,9
ladies,14.316553843599003,4
fuckin,11.683443117682065,8
21,13.09037034118548,4
let's,11.617619762141054,8
event,11.179966491882507,5
deal,9.333780627047034,3
common,16.503525119603456,6
^,10.04376606209655,6
breakfast,11.472777316406018,5
cute,11.220566101010958,6
online,17.0460464390736,6
important,15.006339748796345,7
must,10.965068228636785,3
♪,14.830935517359343,3
told,11.355975816078033,4
fall,14.862463880649258,5
single,16.369692414766906,6
taken,19.93333840223892,2
sit,6.5459913956227895,5
smh,12.585377986190508,12
myself,10.952028847858031,6
fresh,18.993084445131977,6
question,12.0232399464047,6
soo,13.18961950927276,5
followers,12.529775665655874,4
away,12.317542623249501,8
gone,12.886546050941703,8
i'd,10.620712682493664,6
program,18.794565664467562,3
state,21.094062215466142,12
•,16.854465583392034,6
epic,12.054283414066855,7
sat,19.484851384797405,9
18,14.026478184701945,4
miss,12.46228334995081,4
hehe,12.62006434157122,7
david,10.167918581158968,4
voice,12.107209674159918,5
wake,9.619523886908935,5
sleep,14.132425441106383,8
also,13.300173435733162,8
parents,14.279370363477419,5
proud,11.20771719812859,6
near,17.29477911354561,6
imagine,13.118132430854981,5
knew,12.358368201606936,5
until,15.100991145567582,6
report,19.340072260084703,4
simple,18.713072250411873,5
waiting,12.937067389749947,5
matter,11.66892055436367,5
- -,14.795717710320949,5
´,15.561783472777384,4
soon,9.392187002906054,6
won,8.923620719834705,9
hotel,15.844381225708466,5
english,8.176745246474804,4
tour,12.685586397981355,4
spread,13.601179273056802,6
fight,16.894565308253867,8
bro,14.559276184919213,6
sister,6.870572759497083,7
half,8.783653684656619,10
yet,14.453799377774088,6
stuff,11.7659938427403,6
box,10.323676411271682,5
different,12.534688448912073,7
worse,9.220099766052854,7
y'all,11.24937572752776,10
bowl,65.10226334866691,15
wat,15.479747662969315,6
football,20.447665788969584,9
hit,10.958520820625562,7
park,11.747802636234852,6
point,9.692359659504522,8
nite,16.960358611769603,4
film,10.231320959605089,5
busy,16.708504622092033,6
:/,12.330319251773545,6
price,14.654538889445979,8
luck,13.853003732948013,3
starting,15.150819731186909,3
asleep,16.430777476162472,5
cup,9.085702798196529,4
20,13.559292046903323,4
enough,15.15790990770521,5
chat,10.32550937942552,7
low,13.098138863875521,3
12,12.874663233822048,5
post,13.027164061327802,7
fast,11.641858797773915,5
25,7.158468769271079,6
shirt,10.127767250157483,5
mins,11.195023349026453,7
leaving,12.567688277978565,2
power,14.536304422192607,5
computer,16.532487740492765,6
track,20.917735025552407,1
definitely,12.109739655056725,6
note,13.816006556442803,3
boss,18.13223502016955,1
ass,10.157315575480112,8
vs,13.788975722608154,8
lmfao,11.098320316989955,8
weeks,13.014855349387902,4
issue,15.253343519873537,8
tweets,11.183422120553862,8
random,14.71413004239053,8
hahaha,12.01331696503798,8
broke,11.734395021863742,6
2nd,11.406876452601814,8
offer,14.192344883741088,4
diet,14.482054639226984,5
suck,9.26382803816473,7
body,10.715886450470295,3
wearing,14.406188973544596,8
thoughts,14.466629459023919,4
especially,20.938430701773527,3
glad,9.867826052281789,6
able,17.965272438778204,3
shower,16.73707368820448,8
thats,11.630264139618008,4
space,20.187394524013108,6
skin,15.999587750734968,2
american,9.616591361013281,8
catch,10.30481442338663,6
kinda,9.582094394603985,10
details,13.662925846861722,6
extra,17.285714684620615,4
type,14.605608815449358,5
yep,14.308440358140588,5
apple,15.118352851241697,6
area,15.314591506196765,5
along,17.370346738080592,5
john,4.1732112760492095,4
bitch,10.277468697996003,6
pics,15.570257734799663,4
bet,11.43087639486049,9
gotta,10.203126573609167,9
gym,13.421505178421103,5
funny,10.834704445352589,7
uk,14.054102296353541,5
found,11.658407681052893,6
lady,13.295388258593086,3
thx,9.319527111683296,0
lose,13.38519930585867,10
telling,17.844960054665204,6
wasn't,10.25609437140394,6
started,12.528565760367119,6
decided,13.678312943466421,4
king,11.773160438305073,4
enter,16.54990103491733,5
lost,8.453048011170678,5
dm,18.69381754587154,6
bag,14.820771996021081,4
yup,13.62697092181195,5
internet,26.87725076823575,7
red,14.028253640154354,6
ipod,14.928099672251465,7
xd,12.920350420466614,4
tried,13.917994454385981,6
breaking,12.719620251644132,5
snow,13.106620862632289,5
hour,10.195518821823267,7
quality,18.00254387959021,5
information,10.881600431595087,5
session,17.193432607461272,6
those,9.11452671794102,10
shame,14.775683570268892,5
source,15.083611089556507,2
50,10.278323613649166,7
step,14.957862093165062,4
york,14.629180906321128,7
cc,7.532522522906994,6
fuck,9.978265560634696,13
list,13.820701774063613,5
care,11.014031861962536,9
law,13.083447792621588,4
door,14.499267123425618,6
eat,15.228161457091897,5
due,16.185845290187096,5
credit,10.784497478917208,3
aww,13.509790048417326,4
that's,9.117370715351747,10
energy,8.420224114277064,6
style,14.734159431869958,10
jobs,5.360535349756588,4
control,14.681278058327518,5
guide,22.72155506905449,5
tips,16.28936967958756,7
website,15.34958463619996,6
wow,9.661988739232033,8
fell,12.988255251121853,5
wall,17.218480818581327,4
she's,8.989744271945256,6
hand,21.25490059870529,3
pictures,17.343309706220186,4
case,12.507676908345788,6
mi,13.99613577349924,5
lunch,14.791818010501572,6
reading,11.475424766141138,7
longer,15.733768710914187,4
lord,13.851857004930157,6
we've,18.161047681456104,7
worst,8.861182909964873,5
ma,9.65156200605321,4
gives,14.31168909066636,6
hold,12.947290437354667,5
ha,13.477302842696178,4
shot,13.377713383090153,7
full,13.807829336365216,5
party,17.082158156845416,7
eye,8.55482420722921,7
mention,15.348938125177389,3
imma,12.6191414205356,10
lovely,14.44805050555233,3
final,12.797081221927163,5
books,11.955318596525878,1
yesterday,13.08744663513387,3
everyday,17.663317385521157,5
winter,12.281034021448324,4
house,9.203728936043293,7
weight,17.72665182950842,3
loss,15.326647828694606,3
store,9.701174181525985,6
works,14.864014185072056,4
daily,10.006280453612398,6
▸,13.954892607564098,5
serious,14.232545534505384,6
south,16.53808591249068,4
hungry,14.800993308508696,3
radio,14.358579596657309,7
theme,15.842558579163525,4
network,19.532024942510162,4
both,11.723759210063735,3
double,17.748687574127153,4
cover,14.441113107795337,7
nigga,14.410667714496086,5
cream,15.039955517314116,5
side,13.99085799880864,5
sex,11.719043276249396,6
click,15.950121281497124,4
means,13.532933844775188,3
eh,18.64207665125117,4
order,16.20444241663683,5
anymore,11.210333521958539,5
global,19.562645946096396,4
quite,13.698758545679325,4
bday,12.751986451104063,3
expect,17.78199225079408,3
fair,3.900489782898957,6
students,11.605754301243811,5
food,12.041831013352976,9
understand,14.08737677173996,5
system,13.815496784127985,6
em,10.62345600116612,8
26,2.783207384351218,3
chocolate,14.231306795706034,5
we'll,13.627078402807934,6
kill,12.381178327038135,4
size,16.868111647222978,6
history,8.233952980877081,3
battle,20.79314200066018,2
three,16.046573592967047,4
weird,13.640805614431434,6
sucks,9.398795407466984,9
#jobs,20.55677662340265,5
dirty,10.545218888142543,5
today's,10.82736210791749,4
gosh,15.469099202007977,3
bought,14.892138209715919,8
btw,15.020685854462135,6
pro,7.831168108893911,10
worth,9.939579683112777,9
market,8.067660712151271,3
changed,13.130232400317759,5
listening,13.372030040477203,3
clear,17.420349511408517,5
you'll,12.901273064616515,4
wins,13.47020179652478,9
ill,16.99488507946905,10
answer,15.44865872429881,2
page,14.284906131251287,6
afternoon,11.058734148113972,5
alright,14.503936837694678,4
anyway,14.811462431382616,7
slow,17.946720872777906,7
less,12.510723104265399,6
tuesday,9.569105147944372,8
seriously,11.295439424547402,8
model,18.651758792938722,4
outside,10.39519970149174,3
ft,12.757422097728517,6
hoping,17.155134674511938,5
ice,17.553286408575328,3
center,21.011255466304153,7
brand,16.780671268031984,6
blackberry,14.623073378109632,4
usually,16.274167028319937,4
album,16.292634523094588,4
roll,16.08262362048388,5
pm,18.1393772546972,4
hopefully,14.311390525147,5
making,10.958949191895911,4
na,12.135414190822999,7
sum,15.291390000897405,5
windows,15.872754737675626,4
d:,13.665505249986461,8
young,14.56394853521485,8
tha,13.073909523500802,7
art,17.452470557608486,4
french,15.780351909900022,6
9,13.290412849172647,6
-->,15.980976190832248,5
loving,12.664675586143264,6
band,9.503340893754242,4
coffee,11.984677258770907,6
dey,15.488206507084346,9
weather,12.870050121185056,3
trust,10.430729504304827,8
sound,8.384712482709782,7
having,14.000187401031788,8
level,12.994412929950041,4
android,6.929342700991681,6
hmm,14.231110491067627,7
#fb,14.14773803581402,8
sale,17.162030348517398,6
picture,10.006767146890528,4
ad,11.594528987276007,7
local,19.423615109358355,5
kick,12.908674068580023,5
screen,14.948523988907656,5
road,8.310848131941812,4
comments,11.845659325570944,5
ipad,8.373731595278036,6
fly,15.667727833795766,5
piece,16.107036526069326,5
results,11.576411850217871,7
agree,9.755786075125345,5
abt,16.965703036960964,6
di,12.221677328430264,4
takes,13.673633848323847,6
mac,13.494413035019239,4
sick,12.868654420864818,7
available,16.38127050558958,6
chinese,68.835178793264,2
whether,8.990549750633003,2
shop,15.919145971103795,6
dad,14.860257661990103,7
fit,13.744378644865396,4
moving,18.10250452391401,6
wen,15.0893169570279,6
needed,15.842419121862958,4
concert,13.229536431861447,5
pass,10.584310387619844,6
present,18.836546293084403,7
children,15.337753002278218,4
awww,14.489789150009694,10
member,14.924043278556281,4
gettin,11.244042986127534,6
natural,12.204083048019648,5
lie,14.675446448921361,6
throw,10.071408074536325,3
___,12.793633424369078,7
normal,15.831360422318477,6
act,12.837899006538064,5
fucking,10.81982023861942,7
bye,14.253266712189724,5
wedding,4.253514953429082,8
shut,5.22633091060902,7
tryna,14.618851055974087,3
angry,17.25182799152566,5
trip,14.776308152307505,2
lead,15.787029668454336,6
boring,13.755328725243638,6
blue,14.188732068159409,5
gold,10.977199835291085,5
airport,5.800257352821105,6
bitches,10.15505979421087,6
@addthis,15.88787981943645,4
wife,11.614184247037338,4
added,16.09465612323738,4
truly,16.582389537496535,6
asking,12.122903824566437,9
living,13.44445125902801,4
comment,12.705081015784765,6
dance,8.901560580881602,4
likes,11.946425239525698,11
boo,15.618801129841609,5
record,15.5889425172839,7
popular,17.093469804149915,4
ah,13.743510780875354,5
rain,28.01586284912034,8
wondering,15.366846359444388,8
dark,16.89788252499032,6
apparently,13.330885019282798,4
nah,17.602301229904526,4
):,13.99156194613796,7
didnt,10.906357524280695,8
ap,15.752963744671424,5
series,12.226352520181875,4
idk,13.382241332826736,7
worry,15.510799781253798,4
wouldn't,14.691192306793118,9
bored,11.932591295248784,6
magic,13.921809884722764,5
8,17.41568621611022,10
view,12.986701834177882,6
！,11.174961721482461,3
paper,13.451922373628879,2
government,4.986695155118364,7
self,13.612311634306902,6
tired,10.62469171702811,5
updated,13.643355565642448,4
third,18.461792273356227,3
:|,19.66451087309786,4
buy,15.537314315954482,9
♫,14.31068152175544,8
problems,12.195852431729596,5
return,12.059790301204645,3
babe,13.81650977116663,4
happens,15.591599639270349,4
create,18.084252143489373,4
kno,13.5663296247423,7
alone,14.102386782289132,5
seem,12.940302997792601,6
pressure,16.256328659854695,6
training,19.677660974785375,4
save,9.473557885825453,3
police,11.222150081410419,5
#nowplaying,12.967239328052408,7
absolutely,12.790259622938317,6
beats,14.326206229013717,6
international,28.812001399020907,2
awake,13.355300102182495,9
dis,14.85275853369114,11
ways,12.58900003656152,5
trouble,16.330217768952327,7
sitting,6.767464065181084,7
dj,16.07851150120343,4
write,13.24910394001653,6
°,17.814657903006268,7
mark,7.858565304745342,3
whats,10.836688314645892,5
cry,10.001755013171879,5
who's,13.925425387559484,5
turned,12.594051778917125,4
nobody,15.182523222736396,7
fail,12.077006459810418,7
woke,10.22893859059319,4
given,13.989588630425924,4
mouth,13.930412215075698,7
cheap,18.190800782472117,2
except,11.672054768809815,5
somebody,13.314935787793111,6
reviews,12.155314743431825,4
17,13.610990192708188,4
fitness,8.645986907399319,5
laptop,17.497171272326007,3
swear,15.974118263990658,8
players,12.345181276156051,5
four,14.849906352591423,4
shoes,15.75766311649923,5
movies,10.146724670227117,5
reach,14.949805662802943,5
. . .,13.23354642865418,6
pack,13.747189006679248,9
hospital,11.77368522865104,3
caught,15.512535506377985,8
gave,11.620848215881413,9
yay,11.468447672998815,8
brown,13.209164941693643,6
fake,14.369149112264534,5
o_o,16.525168964249044,6
aint,11.40928742849083,6
sigh,15.133369275144707,3
niggas,14.596874452147167,7
pissed,10.835310709965995,4
#np,16.683925022927333,6
«,15.90836825651735,4
winds,19.320805528745428,3
humidity,18.10843947571988,8
hmmm,16.176923669265346,6
ugh,10.551943214298714,6
chicken,13.8709942320302,7
pc,13.494755680811194,4
hahah,18.01577687670825,4
@foursquare,12.659827392101647,6
unlocked,12.725442483834847,4
thinks,12.147351469249033,3
<--,14.850990351867708,6
marketing,17.55457179619921,4
mph,16.56125130108711,6
temperature,20.548761640510183,3
pop,11.43011010745975,6
celebrity,16.29889263422762,8
